﻿<?xml version="1.0" encoding="UTF-8"?>
<METS:mets TYPE="Newspaper" PROFILE="ENMAP" OBJID="SBB_00006_18970306_F_045_110_0" xsi:schemaLocation="http://www.loc.gov/METS/ http://www.loc.gov/standards/mets/version191/mets.xsd http://www.loc.gov/mods/v3 http://www.loc.gov/standards/mods/mods.xsd http://www.loc.gov/mix/v20 http://www.loc.gov/standards/mix/mix20/mix20.xsd" xmlns:METS="http://www.loc.gov/METS/" xmlns:mix="http://www.loc.gov/mix/v20" xmlns:mods="http://www.loc.gov/mods/v3" xmlns:xlink="http://www.w3.org/1999/xlink" xmlns:xsi="http://www.w3.org/2001/XMLSchema-instance" xmlns:mets="http://www.loc.gov/METS/">
  <mets:metsHdr CREATEDATE="2014-12-02T19:26:55" LASTMODDATE="2014-12-02T19:26:55" RECORDSTATUS="SUBMITTED">
    <mets:agent ROLE="OTHER" OTHERROLE="OWNER">
      <mets:name>SBB</mets:name>
    </mets:agent>
    <mets:agent ROLE="CREATOR" TYPE="ORGANIZATION">
      <mets:name>UIBK</mets:name>
    </mets:agent>
    <mets:agent ROLE="CREATOR" TYPE="OTHER" OTHERTYPE="SOFTWARE">
      <mets:name>DEA METS Engine</mets:name>
    </mets:agent>
  </mets:metsHdr>
  <mets:dmdSec ID="MODS_ISSUE_18970306_F_045_110_0">
    <mets:mdWrap MDTYPE="MODS">
      <mets:xmlData>
        <mods:mods>
          <mods:titleInfo>
            <mods:title>Volkszeitung (1890-1904) /Berliner Volkszeitung (1904-1930)</mods:title>
          </mods:titleInfo>
          <mods:typeOfResource>text</mods:typeOfResource>
          <mods:genre>Newspaper Issue</mods:genre>
          <mods:originInfo>
            <mods:dateIssued encoding="w3cdtf" keyDate="yes">1897-03-06</mods:dateIssued>
          </mods:originInfo>
          <mods:language>
            <mods:languageTerm type="code" authority="iso639-2b">ger</mods:languageTerm>
            <mods:scriptTerm type="code" authority="iso15924">Goth</mods:scriptTerm>
            <mods:scriptTerm type="code" authority="iso15924">Latn</mods:scriptTerm>
          </mods:language>
          <mods:identifier type="ENP">SBB_00006</mods:identifier>
          <mods:identifier type="CatalogueIdentifier">unknown</mods:identifier>
          <mods:accessCondition type="Europeana viewer">1 - Full page view</mods:accessCondition>
          <mods:recordInfo>
            <mods:recordContentSource>SBB</mods:recordContentSource>
          </mods:recordInfo>
          <mods:relatedItem type="host">
            <mods:part>
              <mods:detail type="volume">
                <mods:caption>Jahrgang</mods:caption>
                <mods:number>045</mods:number>
              </mods:detail>
              <mods:detail type="issue">
                <mods:caption>Nr.</mods:caption>
                <mods:number>110</mods:number>
              </mods:detail>
            </mods:part>
          </mods:relatedItem>
        </mods:mods>
      </mets:xmlData>
    </mets:mdWrap>
  </mets:dmdSec>
  <mets:amdSec ID="TECH_MD">
    <mets:techMD ID="FID-F_SBB_00009_18970306_045_110_0_001-OCRMASTER-TECHMD">
      <mets:mdWrap MDTYPE="NISOIMG">
        <mets:xmlData>
          <mix:mix>
            <mix:BasicDigitalObjectInformation>
              <mix:Compression>
                <mix:compressionScheme>COMPRESSION_LZW</mix:compressionScheme>
              </mix:Compression>
            </mix:BasicDigitalObjectInformation>
            <mix:BasicImageInformation>
              <mix:BasicImageCharacteristics>
                <mix:imageWidth>3539</mix:imageWidth>
                <mix:imageHeight>5228</mix:imageHeight>
              </mix:BasicImageCharacteristics>
            </mix:BasicImageInformation>
            <mix:ImageAssessmentMetadata>
              <mix:SpatialMetrics>
                <mix:samplingFrequencyPlane>source object plane</mix:samplingFrequencyPlane>
                <mix:samplingFrequencyUnit>in.</mix:samplingFrequencyUnit>
                <mix:xSamplingFrequency>
                  <mix:numerator>300</mix:numerator>
                  <mix:denominator>1</mix:denominator>
                </mix:xSamplingFrequency>
                <mix:ySamplingFrequency>
                  <mix:numerator>300</mix:numerator>
                  <mix:denominator>1</mix:denominator>
                </mix:ySamplingFrequency>
              </mix:SpatialMetrics>
              <mix:ImageColorEncoding>
                <mix:BitsPerSample>
                  <mix:bitsPerSampleValue>8</mix:bitsPerSampleValue>
                  <mix:bitsPerSampleUnit>integer</mix:bitsPerSampleUnit>
                </mix:BitsPerSample>
                <mix:samplesPerPixel>1</mix:samplesPerPixel>
              </mix:ImageColorEncoding>
            </mix:ImageAssessmentMetadata>
          </mix:mix>
        </mets:xmlData>
      </mets:mdWrap>
    </mets:techMD>
    <mets:techMD ID="FID-F_SBB_00009_18970306_045_110_0_002-OCRMASTER-TECHMD">
      <mets:mdWrap MDTYPE="NISOIMG">
        <mets:xmlData>
          <mix:mix>
            <mix:BasicDigitalObjectInformation>
              <mix:Compression>
                <mix:compressionScheme>COMPRESSION_LZW</mix:compressionScheme>
              </mix:Compression>
            </mix:BasicDigitalObjectInformation>
            <mix:BasicImageInformation>
              <mix:BasicImageCharacteristics>
                <mix:imageWidth>3770</mix:imageWidth>
                <mix:imageHeight>5266</mix:imageHeight>
              </mix:BasicImageCharacteristics>
            </mix:BasicImageInformation>
            <mix:ImageAssessmentMetadata>
              <mix:SpatialMetrics>
                <mix:samplingFrequencyPlane>source object plane</mix:samplingFrequencyPlane>
                <mix:samplingFrequencyUnit>in.</mix:samplingFrequencyUnit>
                <mix:xSamplingFrequency>
                  <mix:numerator>300</mix:numerator>
                  <mix:denominator>1</mix:denominator>
                </mix:xSamplingFrequency>
                <mix:ySamplingFrequency>
                  <mix:numerator>300</mix:numerator>
                  <mix:denominator>1</mix:denominator>
                </mix:ySamplingFrequency>
              </mix:SpatialMetrics>
              <mix:ImageColorEncoding>
                <mix:BitsPerSample>
                  <mix:bitsPerSampleValue>8</mix:bitsPerSampleValue>
                  <mix:bitsPerSampleUnit>integer</mix:bitsPerSampleUnit>
                </mix:BitsPerSample>
                <mix:samplesPerPixel>1</mix:samplesPerPixel>
              </mix:ImageColorEncoding>
            </mix:ImageAssessmentMetadata>
          </mix:mix>
        </mets:xmlData>
      </mets:mdWrap>
    </mets:techMD>
    <mets:techMD ID="FID-F_SBB_00009_18970306_045_110_0_003-OCRMASTER-TECHMD">
      <mets:mdWrap MDTYPE="NISOIMG">
        <mets:xmlData>
          <mix:mix>
            <mix:BasicDigitalObjectInformation>
              <mix:Compression>
                <mix:compressionScheme>COMPRESSION_LZW</mix:compressionScheme>
              </mix:Compression>
            </mix:BasicDigitalObjectInformation>
            <mix:BasicImageInformation>
              <mix:BasicImageCharacteristics>
                <mix:imageWidth>3511</mix:imageWidth>
                <mix:imageHeight>5219</mix:imageHeight>
              </mix:BasicImageCharacteristics>
            </mix:BasicImageInformation>
            <mix:ImageAssessmentMetadata>
              <mix:SpatialMetrics>
                <mix:samplingFrequencyPlane>source object plane</mix:samplingFrequencyPlane>
                <mix:samplingFrequencyUnit>in.</mix:samplingFrequencyUnit>
                <mix:xSamplingFrequency>
                  <mix:numerator>300</mix:numerator>
                  <mix:denominator>1</mix:denominator>
                </mix:xSamplingFrequency>
                <mix:ySamplingFrequency>
                  <mix:numerator>300</mix:numerator>
                  <mix:denominator>1</mix:denominator>
                </mix:ySamplingFrequency>
              </mix:SpatialMetrics>
              <mix:ImageColorEncoding>
                <mix:BitsPerSample>
                  <mix:bitsPerSampleValue>8</mix:bitsPerSampleValue>
                  <mix:bitsPerSampleUnit>integer</mix:bitsPerSampleUnit>
                </mix:BitsPerSample>
                <mix:samplesPerPixel>1</mix:samplesPerPixel>
              </mix:ImageColorEncoding>
            </mix:ImageAssessmentMetadata>
          </mix:mix>
        </mets:xmlData>
      </mets:mdWrap>
    </mets:techMD>
    <mets:techMD ID="FID-F_SBB_00009_18970306_045_110_0_004-OCRMASTER-TECHMD">
      <mets:mdWrap MDTYPE="NISOIMG">
        <mets:xmlData>
          <mix:mix>
            <mix:BasicDigitalObjectInformation>
              <mix:Compression>
                <mix:compressionScheme>COMPRESSION_LZW</mix:compressionScheme>
              </mix:Compression>
            </mix:BasicDigitalObjectInformation>
            <mix:BasicImageInformation>
              <mix:BasicImageCharacteristics>
                <mix:imageWidth>3780</mix:imageWidth>
                <mix:imageHeight>5280</mix:imageHeight>
              </mix:BasicImageCharacteristics>
            </mix:BasicImageInformation>
            <mix:ImageAssessmentMetadata>
              <mix:SpatialMetrics>
                <mix:samplingFrequencyPlane>source object plane</mix:samplingFrequencyPlane>
                <mix:samplingFrequencyUnit>in.</mix:samplingFrequencyUnit>
                <mix:xSamplingFrequency>
                  <mix:numerator>300</mix:numerator>
                  <mix:denominator>1</mix:denominator>
                </mix:xSamplingFrequency>
                <mix:ySamplingFrequency>
                  <mix:numerator>300</mix:numerator>
                  <mix:denominator>1</mix:denominator>
                </mix:ySamplingFrequency>
              </mix:SpatialMetrics>
              <mix:ImageColorEncoding>
                <mix:BitsPerSample>
                  <mix:bitsPerSampleValue>8</mix:bitsPerSampleValue>
                  <mix:bitsPerSampleUnit>integer</mix:bitsPerSampleUnit>
                </mix:BitsPerSample>
                <mix:samplesPerPixel>1</mix:samplesPerPixel>
              </mix:ImageColorEncoding>
            </mix:ImageAssessmentMetadata>
          </mix:mix>
        </mets:xmlData>
      </mets:mdWrap>
    </mets:techMD>
  </mets:amdSec>
  <mets:fileSec>
    <mets:fileGrp ID="ImageGroup">
      <mets:fileGrp ID="OCRMasterFiles" USE="Preservation">
        <mets:file ID="FID-F_SBB_00009_18970306_045_110_0_001-OCRMASTER" ADMID="FID-F_SBB_00009_18970306_045_110_0_001-OCRMASTER-TECHMD" MIMETYPE="image/tiff" SEQ="1" CHECKSUMTYPE="MD5" CHECKSUM="0A-36-5D-E2-03-DF-EB-D9-E6-D4-F5-64-45-07-89-35">
          <mets:FLocat LOCTYPE="URL" xlink:href="file:///./OCRmaster/F_SBB_00009_18970306_045_110_0_001.tif" />
        </mets:file>
        <mets:file ID="FID-F_SBB_00009_18970306_045_110_0_002-OCRMASTER" ADMID="FID-F_SBB_00009_18970306_045_110_0_002-OCRMASTER-TECHMD" MIMETYPE="image/tiff" SEQ="2" CHECKSUMTYPE="MD5" CHECKSUM="78-28-1D-3B-CC-9F-76-0D-3D-87-2D-4F-0C-13-5A-FD">
          <mets:FLocat LOCTYPE="URL" xlink:href="file:///./OCRmaster/F_SBB_00009_18970306_045_110_0_002.tif" />
        </mets:file>
        <mets:file ID="FID-F_SBB_00009_18970306_045_110_0_003-OCRMASTER" ADMID="FID-F_SBB_00009_18970306_045_110_0_003-OCRMASTER-TECHMD" MIMETYPE="image/tiff" SEQ="3" CHECKSUMTYPE="MD5" CHECKSUM="82-30-D4-EE-12-24-92-D1-0C-1E-24-E6-FC-31-D4-02">
          <mets:FLocat LOCTYPE="URL" xlink:href="file:///./OCRmaster/F_SBB_00009_18970306_045_110_0_003.tif" />
        </mets:file>
        <mets:file ID="FID-F_SBB_00009_18970306_045_110_0_004-OCRMASTER" ADMID="FID-F_SBB_00009_18970306_045_110_0_004-OCRMASTER-TECHMD" MIMETYPE="image/tiff" SEQ="4" CHECKSUMTYPE="MD5" CHECKSUM="B4-9C-09-9B-1E-34-34-E4-30-71-61-7A-14-B7-2F-CD">
          <mets:FLocat LOCTYPE="URL" xlink:href="file:///./OCRmaster/F_SBB_00009_18970306_045_110_0_004.tif" />
        </mets:file>
      </mets:fileGrp>
      <mets:fileGrp ID="ViewingFiles" USE="Viewing">
        <mets:file ID="FID-F_SBB_00009_18970306_045_110_0_001-VIEWINGCOPY" SEQ="1" CHECKSUMTYPE="MD5" CHECKSUM="">
          <mets:FLocat LOCTYPE="URL" xlink:href="file:///./viewing/F_SBB_00009_18970306_045_110_0_001.jp2" />
        </mets:file>
        <mets:file ID="FID-F_SBB_00009_18970306_045_110_0_002-VIEWINGCOPY" SEQ="2" CHECKSUMTYPE="MD5" CHECKSUM="">
          <mets:FLocat LOCTYPE="URL" xlink:href="file:///./viewing/F_SBB_00009_18970306_045_110_0_002.jp2" />
        </mets:file>
        <mets:file ID="FID-F_SBB_00009_18970306_045_110_0_003-VIEWINGCOPY" SEQ="3" CHECKSUMTYPE="MD5" CHECKSUM="">
          <mets:FLocat LOCTYPE="URL" xlink:href="file:///./viewing/F_SBB_00009_18970306_045_110_0_003.jp2" />
        </mets:file>
        <mets:file ID="FID-F_SBB_00009_18970306_045_110_0_004-VIEWINGCOPY" SEQ="4" CHECKSUMTYPE="MD5" CHECKSUM="">
          <mets:FLocat LOCTYPE="URL" xlink:href="file:///./viewing/F_SBB_00009_18970306_045_110_0_004.jp2" />
        </mets:file>
      </mets:fileGrp>
    </mets:fileGrp>
    <mets:fileGrp ID="TextGroup">
      <mets:fileGrp ID="ALTOFiles" USE="Content">
        <mets:file ID="FID-F_SBB_00009_18970306_045_110_0_001-ALTO" SEQ="1" CHECKSUMTYPE="MD5" CHECKSUM="BD-C0-E0-E4-C5-5C-23-20-31-C3-18-61-5F-03-3D-00">
          <mets:FLocat LOCTYPE="URL" xlink:href="file:///./alto/F_SBB_00009_18970306_045_110_0_001.xml" />
        </mets:file>
        <mets:file ID="FID-F_SBB_00009_18970306_045_110_0_002-ALTO" SEQ="2" CHECKSUMTYPE="MD5" CHECKSUM="CB-A5-4C-46-C8-15-D6-E3-B3-76-E5-1D-3E-3C-23-54">
          <mets:FLocat LOCTYPE="URL" xlink:href="file:///./alto/F_SBB_00009_18970306_045_110_0_002.xml" />
        </mets:file>
        <mets:file ID="FID-F_SBB_00009_18970306_045_110_0_003-ALTO" SEQ="3" CHECKSUMTYPE="MD5" CHECKSUM="B1-FE-C1-C7-5C-9D-BC-53-D9-54-E3-02-42-8B-52-E6">
          <mets:FLocat LOCTYPE="URL" xlink:href="file:///./alto/F_SBB_00009_18970306_045_110_0_003.xml" />
        </mets:file>
        <mets:file ID="FID-F_SBB_00009_18970306_045_110_0_004-ALTO" SEQ="4" CHECKSUMTYPE="MD5" CHECKSUM="4A-3B-EB-E5-77-46-42-A8-99-4F-9F-E8-DA-A9-79-58">
          <mets:FLocat LOCTYPE="URL" xlink:href="file:///./alto/F_SBB_00009_18970306_045_110_0_004.xml" />
        </mets:file>
      </mets:fileGrp>
    </mets:fileGrp>
  </mets:fileSec>
  <mets:structMap LABEL="Physical Structure" TYPE="PHYSICAL">
    <mets:div ID="phys0" LABEL="18970306_F_045_110_0" TYPE="physSequence" DMDID="MODS_ISSUE_18970306_F_045_110_0">
      <mets:div ID="phys1" ORDER="1" ORDERLABEL="1" TYPE="page">
        <mets:fptr FILEID="FID-F_SBB_00009_18970306_045_110_0_001-OCRMASTER" />
        <mets:fptr FILEID="FID-F_SBB_00009_18970306_045_110_0_001-ALTO" />
        <mets:fptr FILEID="FID-F_SBB_00009_18970306_045_110_0_001-VIEWINGCOPY" />
      </mets:div>
      <mets:div ID="phys2" ORDER="2" ORDERLABEL="2" TYPE="page">
        <mets:fptr FILEID="FID-F_SBB_00009_18970306_045_110_0_002-OCRMASTER" />
        <mets:fptr FILEID="FID-F_SBB_00009_18970306_045_110_0_002-ALTO" />
        <mets:fptr FILEID="FID-F_SBB_00009_18970306_045_110_0_002-VIEWINGCOPY" />
      </mets:div>
      <mets:div ID="phys3" ORDER="3" ORDERLABEL="3" TYPE="page">
        <mets:fptr FILEID="FID-F_SBB_00009_18970306_045_110_0_003-OCRMASTER" />
        <mets:fptr FILEID="FID-F_SBB_00009_18970306_045_110_0_003-ALTO" />
        <mets:fptr FILEID="FID-F_SBB_00009_18970306_045_110_0_003-VIEWINGCOPY" />
      </mets:div>
      <mets:div ID="phys4" ORDER="4" ORDERLABEL="4" TYPE="page">
        <mets:fptr FILEID="FID-F_SBB_00009_18970306_045_110_0_004-OCRMASTER" />
        <mets:fptr FILEID="FID-F_SBB_00009_18970306_045_110_0_004-ALTO" />
        <mets:fptr FILEID="FID-F_SBB_00009_18970306_045_110_0_004-VIEWINGCOPY" />
      </mets:div>
    </mets:div>
  </mets:structMap>
</METS:mets>